auction_date,security_type,security_term,tenor_group
1979-10-31,Note,10-Year,10Y
1979-11-01,Bond,30-Year,30Y
1980-02-07,Bond,30-Year,30Y
1980-02-26,Note,5-Year 2-Month,5Y
1980-03-25,Note,4-Year,5Y
1980-05-07,Note,9-Year 6-Month,10Y
1980-05-08,Bond,30-Year,30Y
1980-06-03,Note,5-Year 2-Month,5Y
1980-06-24,Note,4-Year,5Y
1980-08-06,Note,10-Year,10Y
1980-08-07,Bond,29-Year 3-Month,30Y
1980-08-27,Note,5-Year 2-Month,5Y
1980-09-23,Note,4-Year,5Y
1980-11-06,Note,10-Year,10Y
1980-11-07,Bond,30-Year,30Y
1980-12-03,Note,5-Year 2-Month,5Y
1980-12-18,Note,4-Year,5Y
1981-01-06,Bond,20-Year 1-Month,30Y
1981-02-04,Note,9-Year 9-Month,10Y
1981-02-05,Bond,29-Year 9-Month,30Y
1981-02-26,Note,5-Year 2-Month,5Y
1981-03-24,Note,4-Year,5Y
1981-03-26,Bond,20-Year 1-Month,30Y
1981-05-06,Note,10-Year,10Y
1981-05-07,Bond,30-Year,30Y
1981-05-28,Note,5-Year 5-Month,5Y
1981-06-23,Note,4-Year,5Y
1981-06-25,Bond,20-Year 1-Month,30Y
1981-08-05,Note,10-Year,10Y
1981-08-06,Bond,29-Year 9-Month,30Y
1981-08-27,Note,5-Year 2-Month,5Y
1981-09-23,Note,4-Year,5Y
1981-09-30,Bond,20-Year 1-Month,30Y
1981-11-04,Note,10-Year,10Y
1981-11-05,Bond,30-Year,30Y
1981-11-24,Note,5-Year 2-Month,5Y
1981-12-22,Note,4-Year,5Y
1981-12-30,Bond,20-Year 1-Month,30Y
1982-02-03,Note,10-Year,10Y
1982-02-04,Bond,29-Year 9-Month,30Y
1982-02-24,Note,5-Year 2-Month,5Y
1982-03-24,Note,4-Year,5Y
1982-05-05,Note,10-Year,10Y
1982-05-25,Note,5-Year 2-Month,5Y
1982-06-29,Note,4-Year,5Y
1982-08-04,Note,9-Year 9-Month,10Y
1982-08-31,Note,5-Year 2-Month,5Y
1982-09-21,Note,4-Year,5Y
1982-09-23,Bond,20-Year 1-Month,30Y
1982-11-04,Note,10-Year,10Y
1982-11-09,Bond,30-Year,30Y
1982-11-23,Note,5-Year 2-Month,5Y
1982-12-16,Note,4-Year,5Y
1982-12-22,Bond,20-Year 1-Month,30Y
1983-02-02,Note,10-Year,10Y
1983-02-03,Bond,29-Year 9-Month,30Y
1983-02-23,Note,5-Year 2-Month,5Y
1983-03-22,Note,4-Year,5Y
1983-03-24,Bond,20-Year 1-Month,30Y
1983-05-04,Note,10-Year,10Y
1983-05-05,Bond,29-Year 6-Month,30Y
1983-06-01,Note,5-Year 2-Month,5Y
1983-06-21,Note,4-Year,5Y
1983-06-23,Bond,20-Year 1-Month,30Y
1983-08-03,Note,10-Year,10Y
1983-08-04,Bond,30-Year,30Y
1983-08-31,Note,5-Year 2-Month,5Y
1983-09-20,Note,4-Year,5Y
1983-09-22,Bond,20-Year 1-Month,30Y
1983-11-09,Note,10-Year,10Y
1983-11-10,Bond,29-Year 9-Month,30Y
1983-11-29,Note,5-Year 2-Month,5Y
1983-12-27,Note,4-Year,5Y
1983-12-29,Bond,19-Year 10-Month,30Y
1984-02-08,Note,9-Year 9-Month,10Y
1984-02-09,Bond,29-Year 6-Month,30Y
1984-02-28,Note,5-Year 2-Month,5Y
1984-03-27,Note,4-Year,5Y
1984-03-29,Bond,20-Year 1-Month,30Y
1984-05-09,Note,10-Year,10Y
1984-05-10,Bond,30-Year,30Y
1984-05-31,Note,5-Year 2-Month,5Y
1984-06-26,Note,4-Year,5Y
1984-07-05,Bond,20-Year 1-Month,30Y
1984-08-08,Note,10-Year,10Y
1984-08-09,Bond,30-Year,30Y
1984-08-29,Note,5-Year 2-Month,5Y
1984-10-23,Bond,20-Year 1-Month,30Y
1984-11-07,Note,10-Year,10Y
1984-11-08,Bond,30-Year,30Y
1984-11-28,Note,5-Year 2-Month,5Y
1984-12-26,Note,4-Year,5Y
1985-01-03,Bond,19-Year 10-Month,30Y
1985-02-06,Note,10-Year,10Y
1985-02-07,Bond,30-Year,30Y
1985-02-26,Note,5-Year 2-Month,5Y
1985-03-26,Note,4-Year,5Y
1985-03-28,Bond,20-Year 1-Month,30Y
1985-05-08,Note,10-Year,10Y
1985-05-09,Bond,29-Year 9-Month,30Y
1985-05-29,Note,5-Year 2-Month,5Y
1985-06-25,Note,4-Year,5Y
1985-06-27,Bond,20-Year 1-Month,30Y
1985-08-07,Note,10-Year,10Y
1985-08-08,Bond,30-Year,30Y
1985-08-28,Note,5-Year 2-Month,5Y
1985-10-31,Bond,19-Year 9-Month,30Y
1985-11-21,Note,10-Year,10Y
1985-11-22,Bond,30-Year,30Y
1985-11-27,Note,5-Year 2-Month,5Y
1985-12-18,Note,4-Year,5Y
1986-01-08,Bond,20-Year 1-Month,30Y
1986-02-05,Note,10-Year,10Y
1986-02-06,Bond,30-Year,30Y
1986-02-26,Note,5-Year 2-Month,5Y
1986-03-25,Note,4-Year,5Y
1986-05-07,Note,10-Year,10Y
1986-05-08,Bond,30-Year,30Y
1986-05-28,Note,5-Year 2-Month,5Y
1986-06-24,Note,4-Year,5Y
1986-08-06,Note,9-Year 9-Month,10Y
1986-08-07,Bond,29-Year 9-Month,30Y
1986-08-27,Note,5-Year 2-Month,5Y
1986-09-24,Note,4-Year,5Y
1986-11-05,Note,10-Year,10Y
1986-11-06,Bond,30-Year,30Y
1986-11-25,Note,5-Year 2-Month,5Y
1986-12-18,Note,4-Year,5Y
1987-02-04,Note,9-Year 9-Month,10Y
1987-02-05,Bond,29-Year 9-Month,30Y
1987-02-25,Note,5-Year 2-Month,5Y
1987-03-25,Note,4-Year,5Y
1987-05-06,Note,10-Year,10Y
1987-05-07,Bond,30-Year,30Y
1987-05-27,Note,5-Year 2-Month,5Y
1987-06-24,Note,4-Year,5Y
1987-08-12,Note,10-Year,10Y
1987-08-13,Bond,30-Year,30Y
1987-08-27,Note,5-Year 2-Month,5Y
1987-10-06,Note,4-Year,5Y
1987-11-04,Note,10-Year,10Y
1987-11-05,Bond,29-Year 9-Month,30Y
1987-11-24,Note,5-Year 2-Month,5Y
1987-12-23,Note,4-Year,5Y
1988-02-03,Note,10-Year,10Y
1988-02-04,Bond,29-Year 3-Month,30Y
1988-02-25,Note,5-Year 2-Month,5Y
1988-03-24,Note,4-Year,5Y
1988-05-11,Note,10-Year,10Y
1988-05-12,Bond,30-Year,30Y
1988-05-26,Note,5-Year 2-Month,5Y
1988-06-23,Note,4-Year,5Y
1988-08-10,Note,10-Year,10Y
1988-08-24,Note,5-Year 2-Month,5Y
1988-09-28,Note,4-Year,5Y
1988-11-09,Note,10-Year,10Y
1988-11-17,Bond,30-Year,30Y
1988-11-23,Note,5-Year 2-Month,5Y
1988-12-29,Note,4-Year,5Y
1989-02-08,Note,10-Year,10Y
1989-02-09,Bond,30-Year,30Y
1989-02-23,Note,5-Year 2-Month,5Y
1989-03-29,Note,4-Year,5Y
1989-05-10,Note,10-Year,10Y
1989-05-11,Bond,29-Year 9-Month,30Y
1989-05-25,Note,5-Year 2-Month,5Y
1989-06-28,Note,4-Year,5Y
1989-08-09,Note,10-Year,10Y
1989-08-10,Bond,30-Year,30Y
1989-08-23,Note,5-Year 2-Month,5Y
1989-09-27,Note,4-Year,5Y
1989-11-13,Note,10-Year,10Y
1989-11-14,Bond,29-Year 9-Month,30Y
1989-11-29,Note,5-Year 2-Month,5Y
1989-12-20,Note,4-Year,5Y
1990-02-07,Note,10-Year,10Y
1990-02-08,Bond,30-Year,30Y
1990-02-22,Note,5-Year 2-Month,5Y
1990-03-28,Note,4-Year,5Y
1990-05-09,Note,10-Year,10Y
1990-05-10,Bond,30-Year,30Y
1990-05-24,Note,5-Year 2-Month,5Y
1990-06-27,Note,4-Year,5Y
1990-08-08,Note,10-Year,10Y
1990-08-09,Bond,30-Year,30Y
1990-08-29,Note,5-Year 2-Month,5Y
1990-09-26,Note,4-Year,5Y
1990-11-07,Note,10-Year,10Y
1990-11-08,Bond,29-Year 9-Month,30Y
1990-11-28,Note,5-Year 2-Month,5Y
1990-12-27,Note,4-Year,5Y
1991-01-24,Note,5-Year,5Y
1991-02-06,Note,10-Year,10Y
1991-02-07,Bond,30-Year,30Y
1991-02-21,Note,5-Year,5Y
1991-03-27,Note,5-Year,5Y
1991-04-25,Note,5-Year,5Y
1991-05-08,Note,10-Year,10Y
1991-05-09,Bond,30-Year,30Y
1991-05-23,Note,5-Year,5Y
1991-06-26,Note,5-Year,5Y
1991-07-24,Note,5-Year,5Y
1991-08-07,Note,10-Year,10Y
1991-08-08,Bond,30-Year,30Y
1991-08-28,Note,5-Year,5Y
1991-09-25,Note,5-Year,5Y
1991-10-24,Note,5-Year,5Y
1991-11-06,Note,10-Year,10Y
1991-11-07,Bond,30-Year,30Y
1991-11-26,Note,5-Year,5Y
1991-12-19,Note,5-Year,5Y
1992-01-23,Note,5-Year,5Y
1992-02-12,Note,9-Year 9-Month,10Y
1992-02-13,Bond,29-Year 9-Month,30Y
1992-02-26,Note,5-Year,5Y
1992-03-25,Note,5-Year,5Y
1992-04-23,Note,5-Year,5Y
1992-05-06,Note,10-Year,10Y
1992-05-07,Bond,29-Year 6-Month,30Y
1992-05-21,Note,5-Year,5Y
1992-06-24,Note,5-Year,5Y
1992-07-29,Note,5-Year,5Y
1992-08-12,Note,10-Year,10Y
1992-08-13,Bond,30-Year,30Y
1992-08-26,Note,5-Year,5Y
1992-09-23,Note,5-Year,5Y
1992-10-28,Note,5-Year,5Y
1992-11-10,Note,9-Year 9-Month,10Y
1992-11-12,Bond,30-Year,30Y
1992-11-24,Note,5-Year,5Y
1992-12-23,Note,5-Year,5Y
1993-01-27,Note,5-Year,5Y
1993-02-10,Note,10-Year,10Y
1993-02-11,Bond,30-Year,30Y
1993-02-24,Note,5-Year,5Y
1993-03-25,Note,5-Year,5Y
1993-04-28,Note,5-Year,5Y
1993-05-12,Note,9-Year 9-Month,10Y
1993-05-13,Bond,29-Year 9-Month,30Y
1993-05-26,Note,5-Year,5Y
1993-06-23,Note,5-Year,5Y
1993-07-28,Note,5-Year,5Y
1993-08-11,Note,10-Year,10Y
1993-08-12,Bond,30-Year,30Y
1993-08-25,Note,5-Year,5Y
1993-09-22,Note,5-Year,5Y
1993-10-27,Note,5-Year,5Y
1993-11-10,Note,9-Year 9-Month,10Y
1993-11-23,Note,5-Year,5Y
1993-12-22,Note,5-Year,5Y
1994-01-26,Note,5-Year,5Y
1994-02-09,Note,10-Year,10Y
1994-02-10,Bond,29-Year 6-Month,30Y
1994-02-24,Note,5-Year,5Y
1994-03-23,Note,5-Year,5Y
1994-04-28,Note,5-Year,5Y
1994-05-11,Note,10-Year,10Y
1994-05-25,Note,5-Year,5Y
1994-06-22,Note,5-Year,5Y
1994-07-27,Note,5-Year,5Y
1994-08-10,Note,10-Year,10Y
1994-08-11,Bond,30-Year 3-Month,30Y
1994-08-24,Note,5-Year,5Y
1994-09-28,Note,5-Year,5Y
1994-10-26,Note,5-Year,5Y
1994-11-09,Note,10-Year,10Y
1994-11-22,Note,5-Year,5Y
1994-12-22,Note,5-Year,5Y
1995-01-25,Note,5-Year,5Y
1995-02-08,Note,10-Year,10Y
1995-02-09,Bond,30-Year,30Y
1995-02-23,Note,5-Year,5Y
1995-03-29,Note,5-Year,5Y
1995-04-26,Note,5-Year,5Y
1995-05-10,Note,10-Year,10Y
1995-05-24,Note,5-Year,5Y
1995-06-28,Note,5-Year,5Y
1995-07-26,Note,5-Year,5Y
1995-08-09,Note,10-Year,10Y
1995-08-10,Bond,30-Year,30Y
1995-08-23,Note,5-Year,5Y
1995-09-27,Note,5-Year,5Y
1995-10-25,Note,5-Year,5Y
1995-11-21,Note,10-Year,10Y
1995-11-29,Note,5-Year,5Y
1995-12-21,Note,5-Year,5Y
1996-01-24,Note,5-Year,5Y
1996-02-07,Note,10-Year,10Y
1996-02-08,Bond,30-Year,30Y
1996-02-28,Note,5-Year,5Y
1996-04-09,Note,5-Year,5Y
1996-04-24,Note,5-Year,5Y
1996-05-08,Note,10-Year,10Y
1996-05-30,Note,5-Year,5Y
1996-06-26,Note,5-Year,5Y
1996-07-09,Note,10-Year,10Y
1996-07-24,Note,5-Year,5Y
1996-08-07,Note,9-Year 11-Month,10Y
1996-08-08,Bond,30-Year,30Y
1996-08-28,Note,5-Year,5Y
1996-09-26,Note,5-Year,5Y
1996-10-08,Note,10-Year,10Y
1996-10-23,Note,5-Year,5Y
1996-11-06,Note,9-Year 11-Month,10Y
1996-11-07,Bond,30-Year,30Y
1996-11-20,Note,5-Year,5Y
1996-12-19,Note,5-Year,5Y
1997-01-23,Note,5-Year,5Y
1997-02-12,Note,10-Year,10Y
1997-02-13,Bond,30-Year,30Y
1997-02-26,Note,5-Year,5Y
1997-03-26,Note,5-Year,5Y
1997-04-23,Note,5-Year,5Y
1997-05-07,Note,10-Year,10Y
1997-05-29,Note,5-Year,5Y
1997-06-25,Note,5-Year,5Y
1997-07-23,Note,5-Year,5Y
1997-08-06,Note,10-Year,10Y
1997-08-07,Bond,30-Year,30Y
1997-08-27,Note,5-Year,5Y
1997-09-24,Note,5-Year,5Y
1997-10-29,Note,5-Year,5Y
1997-11-05,Note,9-Year 9-Month,10Y
1997-11-06,Bond,30-Year,30Y
1997-11-25,Note,5-Year,5Y
1997-12-23,Note,5-Year,5Y
1998-01-28,Note,5-Year,5Y
1998-02-11,Note,10-Year,10Y
1998-02-12,Bond,29-Year 9-Month,30Y
1998-02-25,Note,5-Year,5Y
1998-03-25,Note,5-Year,5Y
1998-04-29,Note,5-Year,5Y
1998-05-13,Note,10-Year,10Y
1998-05-28,Note,5-Year,5Y
1998-06-24,Note,5-Year,5Y
1998-08-11,Note,5-Year,5Y
1998-08-12,Note,9-Year 9-Month,10Y
1998-08-13,Bond,30-Year,30Y
1998-11-03,Note,5-Year,5Y
1998-11-04,Note,10-Year,10Y
1998-11-05,Bond,30-Year,30Y
1999-02-09,Note,5-Year,5Y
1999-02-10,Note,9-Year 9-Month,10Y
1999-02-11,Bond,30-Year,30Y
1999-05-11,Note,5-Year,5Y
1999-05-12,Note,10-Year,10Y
1999-08-10,Note,5-Year,5Y
1999-08-11,Note,10-Year,10Y
1999-08-12,Bond,30-Year,30Y
1999-11-09,Note,5-Year,5Y
1999-11-10,Note,9-Year 9-Month,10Y
2000-02-08,Note,4-Year 9-Month,5Y
2000-02-09,Note,10-Year,10Y
2000-02-10,Bond,30-Year 3-Month,30Y
2000-05-09,Note,5-Year,5Y
2000-05-10,Note,9-Year 9-Month,10Y
2000-08-08,Note,4-Year 9-Month,5Y
2000-08-09,Note,10-Year,10Y
2000-08-10,Bond,29-Year 9-Month,30Y
2000-11-07,Note,5-Year,5Y
2000-11-08,Note,9-Year 9-Month,10Y
2001-02-06,Note,4-Year 9-Month,5Y
2001-02-07,Note,10-Year,10Y
2001-02-08,Bond,30-Year,30Y
2001-05-08,Note,5-Year,5Y
2001-05-09,Note,9-Year 9-Month,10Y
2001-08-07,Note,4-Year 9-Month,5Y
2001-08-08,Note,10-Year,10Y
2001-08-09,Bond,29-Year 6-Month,30Y
2001-10-04,Note,9-Year 10-Month,10Y
2001-11-06,Note,5-Year,5Y
2001-11-07,Note,9-Year 9-Month,10Y
2002-02-05,Note,4-Year 9-Month,5Y
2002-02-06,Note,10-Year,10Y
2002-05-07,Note,5-Year,5Y
2002-05-08,Note,9-Year 9-Month,10Y
2002-08-06,Note,5-Year,5Y
2002-08-07,Note,10-Year,10Y
2002-11-05,Note,5-Year,5Y
2002-11-06,Note,10-Year,10Y
2003-02-11,Note,5-Year,5Y
2003-02-12,Note,10-Year,10Y
2003-05-07,Note,5-Year,5Y
2003-05-08,Note,10-Year,10Y
2003-06-11,Note,4-Year 11-Month,5Y
2003-08-06,Note,5-Year,5Y
2003-08-07,Note,10-Year,10Y
2003-09-10,Note,5-Year,5Y
2003-09-11,Note,9-Year 11-Month,10Y
2003-10-08,Note,5-Year,5Y
2003-11-12,Note,5-Year,5Y
2003-11-13,Note,10-Year,10Y
2003-12-10,Note,5-Year,5Y
2003-12-11,Note,9-Year 11-Month,10Y
2004-01-07,Note,5-Year,5Y
2004-02-11,Note,5-Year,5Y
2004-02-12,Note,10-Year,10Y
2004-03-10,Note,5-Year,5Y
2004-03-11,Note,9-Year 11-Month,10Y
2004-04-06,Note,5-Year,5Y
2004-05-12,Note,5-Year,5Y
2004-05-13,Note,10-Year,10Y
2004-06-09,Note,5-Year,5Y
2004-06-10,Note,9-Year 11-Month,10Y
2004-07-07,Note,5-Year,5Y
2004-08-11,Note,5-Year,5Y
2004-08-12,Note,10-Year,10Y
2004-09-08,Note,5-Year,5Y
2004-09-09,Note,9-Year 11-Month,10Y
2004-10-06,Note,5-Year,5Y
2004-11-09,Note,5-Year,5Y
2004-11-10,Note,10-Year,10Y
2004-12-08,Note,5-Year,5Y
2004-12-09,Note,9-Year 11-Month,10Y
2005-01-12,Note,5-Year,5Y
2005-02-09,Note,5-Year,5Y
2005-02-10,Note,10-Year,10Y
2005-03-09,Note,5-Year,5Y
2005-03-10,Note,9-Year 11-Month,10Y
2005-04-13,Note,5-Year,5Y
2005-05-11,Note,5-Year,5Y
2005-05-12,Note,10-Year,10Y
2005-06-08,Note,5-Year,5Y
2005-06-09,Note,9-Year 11-Month,10Y
2005-07-13,Note,5-Year,5Y
2005-08-10,Note,5-Year,5Y
2005-08-11,Note,10-Year,10Y
2005-09-07,Note,5-Year,5Y
2005-09-08,Note,9-Year 11-Month,10Y
2005-10-12,Note,5-Year,5Y
2005-11-09,Note,5-Year,5Y
2005-11-10,Note,10-Year,10Y
2005-12-07,Note,5-Year,5Y
2005-12-08,Note,9-Year 11-Month,10Y
2006-01-11,Note,5-Year,5Y
2006-02-08,Note,10-Year,10Y
2006-02-09,Bond,30-Year,30Y
2006-02-23,Note,5-Year,5Y
2006-03-09,Note,9-Year 11-Month,10Y
2006-03-29,Note,5-Year,5Y
2006-04-27,Note,5-Year,5Y
2006-05-11,Note,10-Year,10Y
2006-05-25,Note,5-Year,5Y
2006-06-08,Note,9-Year 11-Month,10Y
2006-06-28,Note,5-Year,5Y
2006-07-27,Note,5-Year,5Y
2006-08-09,Note,10-Year,10Y
2006-08-10,Bond,29-Year 6-Month,30Y
2006-08-30,Note,5-Year,5Y
2006-09-12,Note,9-Year 11-Month,10Y
2006-09-28,Note,5-Year,5Y
2006-10-26,Note,5-Year,5Y
2006-11-09,Note,10-Year,10Y
2006-11-29,Note,5-Year,5Y
2006-12-13,Note,9-Year 11-Month,10Y
2006-12-28,Note,5-Year,5Y
2007-01-25,Note,5-Year,5Y
2007-02-07,Note,10-Year,10Y
2007-02-08,Bond,30-Year,30Y
2007-02-22,Note,5-Year,5Y
2007-03-13,Note,9-Year 11-Month,10Y
2007-03-29,Note,5-Year,5Y
2007-04-26,Note,5-Year,5Y
2007-05-08,Note,10-Year,10Y
2007-05-10,Bond,29-Year 9-Month,30Y
2007-05-30,Note,5-Year,5Y
2007-06-12,Note,9-Year 11-Month,10Y
2007-06-27,Note,5-Year,5Y
2007-07-26,Note,5-Year,5Y
2007-08-08,Note,10-Year,10Y
2007-08-09,Bond,29-Year 9-Month,30Y
2007-08-30,Note,5-Year,5Y
2007-09-13,Note,9-Year 11-Month,10Y
2007-09-27,Note,5-Year,5Y
2007-10-25,Note,5-Year,5Y
2007-11-07,Note,10-Year,10Y
2007-11-08,Bond,29-Year 6-Month,30Y
2007-11-29,Note,5-Year,5Y
2007-12-13,Note,9-Year 11-Month,10Y
2007-12-27,Note,5-Year,5Y
2008-01-29,Note,5-Year,5Y
2008-02-06,Note,10-Year,10Y
2008-02-07,Bond,30-Year,30Y
2008-02-28,Note,5-Year,5Y
2008-03-13,Note,9-Year 11-Month,10Y
2008-03-27,Note,5-Year,5Y
2008-04-24,Note,5-Year,5Y
2008-05-07,Note,10-Year,10Y
2008-05-08,Bond,29-Year 9-Month,30Y
2008-05-29,Note,5-Year,5Y
2008-06-12,Note,9-Year 11-Month,10Y
2008-06-26,Note,5-Year,5Y
2008-07-24,Note,5-Year,5Y
2008-08-06,Note,10-Year,10Y
2008-08-07,Bond,29-Year 9-Month,30Y
2008-08-28,Note,5-Year,5Y
2008-09-11,Note,9-Year 11-Month,10Y
2008-09-25,Note,5-Year,5Y
2008-10-09,Note,9-Year 4-Month,10Y
2008-10-30,Note,5-Year,5Y
2008-11-12,Note,10-Year,10Y
2008-11-13,Bond,29-Year 6-Month,30Y
2008-11-25,Note,5-Year,5Y
2008-12-11,Note,9-Year 11-Month,10Y
2008-12-23,Note,5-Year,5Y
2009-01-08,Note,9-Year 10-Month,10Y
2009-01-29,Note,5-Year,5Y
2009-02-11,Note,10-Year,10Y
2009-02-12,Bond,30-Year,30Y
2009-02-25,Note,5-Year,5Y
2009-03-11,Note,9-Year 11-Month,10Y
2009-03-12,Bond,29-Year 11-Month,30Y
2009-03-25,Note,5-Year,5Y
2009-04-09,Note,9-Year 10-Month,10Y
2009-04-28,Note,5-Year,5Y
2009-05-06,Note,10-Year,10Y
2009-05-07,Bond,30-Year,30Y
2009-05-27,Note,5-Year,5Y
2009-06-10,Note,9-Year 11-Month,10Y
2009-06-11,Bond,29-Year 11-Month,30Y
2009-06-24,Note,5-Year,5Y
2009-07-08,Note,9-Year 10-Month,10Y
2009-07-09,Bond,29-Year 10-Month,30Y
2009-07-29,Note,5-Year,5Y
2009-08-12,Note,10-Year,10Y
2009-08-13,Bond,30-Year,30Y
2009-08-26,Note,5-Year,5Y
2009-09-09,Note,9-Year 11-Month,10Y
2009-09-10,Bond,29-Year 11-Month,30Y
2009-09-23,Note,5-Year,5Y
2009-10-07,Note,9-Year 10-Month,10Y
2009-10-08,Bond,29-Year 10-Month,30Y
2009-10-28,Note,5-Year,5Y
2009-11-10,Note,10-Year,10Y
2009-11-12,Bond,30-Year,30Y
2009-11-24,Note,5-Year,5Y
2009-12-09,Note,9-Year 11-Month,10Y
2009-12-10,Bond,29-Year 11-Month,30Y
2009-12-29,Note,5-Year,5Y
2010-01-13,Note,9-Year 10-Month,10Y
2010-01-14,Bond,29-Year 10-Month,30Y
2010-01-27,Note,5-Year,5Y
2010-02-10,Note,10-Year,10Y
2010-02-11,Bond,30-Year,30Y
2010-02-24,Note,5-Year,5Y
2010-03-10,Note,9-Year 11-Month,10Y
2010-03-11,Bond,29-Year 11-Month,30Y
2010-03-24,Note,5-Year,5Y
2010-04-07,Note,9-Year 10-Month,10Y
2010-04-08,Bond,29-Year 10-Month,30Y
2010-04-28,Note,5-Year,5Y
2010-05-12,Note,10-Year,10Y
2010-05-13,Bond,30-Year,30Y
2010-05-26,Note,5-Year,5Y
2010-06-09,Note,9-Year 11-Month,10Y
2010-06-10,Bond,29-Year 11-Month,30Y
2010-06-23,Note,5-Year,5Y
2010-07-13,Note,9-Year 10-Month,10Y
2010-07-14,Bond,29-Year 10-Month,30Y
2010-07-28,Note,5-Year,5Y
2010-08-11,Note,10-Year,10Y
2010-08-12,Bond,30-Year,30Y
2010-08-25,Note,5-Year,5Y
2010-09-08,Note,9-Year 11-Month,10Y
2010-09-09,Bond,29-Year 11-Month,30Y
2010-09-28,Note,5-Year,5Y
2010-10-13,Note,9-Year 10-Month,10Y
2010-10-14,Bond,29-Year 10-Month,30Y
2010-10-27,Note,5-Year,5Y
2010-11-09,Note,10-Year,10Y
2010-11-10,Bond,30-Year,30Y
2010-11-23,Note,5-Year,5Y
2010-12-08,Note,9-Year 11-Month,10Y
2010-12-09,Bond,29-Year 11-Month,30Y
2010-12-28,Note,5-Year,5Y
2011-01-12,Note,9-Year 10-Month,10Y
2011-01-13,Bond,29-Year 10-Month,30Y
2011-01-26,Note,5-Year,5Y
2011-02-09,Note,10-Year,10Y
2011-02-10,Bond,30-Year,30Y
2011-02-23,Note,5-Year,5Y
2011-03-09,Note,9-Year 11-Month,10Y
2011-03-10,Bond,29-Year 11-Month,30Y
2011-03-29,Note,5-Year,5Y
2011-04-13,Note,9-Year 10-Month,10Y
2011-04-14,Bond,29-Year 10-Month,30Y
2011-04-27,Note,5-Year,5Y
2011-05-11,Note,10-Year,10Y
2011-05-12,Bond,30-Year,30Y
2011-05-25,Note,5-Year,5Y
2011-06-08,Note,9-Year 11-Month,10Y
2011-06-09,Bond,29-Year 11-Month,30Y
2011-06-28,Note,5-Year,5Y
2011-07-13,Note,9-Year 10-Month,10Y
2011-07-14,Bond,29-Year 10-Month,30Y
2011-07-27,Note,5-Year,5Y
2011-08-10,Note,10-Year,10Y
2011-08-11,Bond,30-Year,30Y
2011-08-24,Note,5-Year,5Y
2011-09-13,Note,9-Year 11-Month,10Y
2011-09-14,Bond,29-Year 11-Month,30Y
2011-09-28,Note,5-Year,5Y
2011-10-12,Note,9-Year 10-Month,10Y
2011-10-13,Bond,29-Year 10-Month,30Y
2011-10-26,Note,5-Year,5Y
2011-11-09,Note,10-Year,10Y
2011-11-10,Bond,30-Year,30Y
2011-11-22,Note,5-Year,5Y
2011-12-13,Note,9-Year 11-Month,10Y
2011-12-14,Bond,29-Year 11-Month,30Y
2011-12-20,Note,5-Year,5Y
2012-01-11,Note,9-Year 10-Month,10Y
2012-01-12,Bond,29-Year 10-Month,30Y
2012-01-25,Note,5-Year,5Y
2012-02-08,Note,10-Year,10Y
2012-02-09,Bond,30-Year,30Y
2012-02-22,Note,5-Year,5Y
2012-03-13,Note,9-Year 11-Month,10Y
2012-03-14,Bond,29-Year 11-Month,30Y
2012-03-28,Note,5-Year,5Y
2012-04-11,Note,9-Year 10-Month,10Y
2012-04-12,Bond,29-Year 10-Month,30Y
2012-04-25,Note,5-Year,5Y
2012-05-09,Note,10-Year,10Y
2012-05-10,Bond,30-Year,30Y
2012-05-23,Note,5-Year,5Y
2012-06-13,Note,9-Year 11-Month,10Y
2012-06-14,Bond,29-Year 11-Month,30Y
2012-06-27,Note,5-Year,5Y
2012-07-11,Note,9-Year 10-Month,10Y
2012-07-12,Bond,29-Year 10-Month,30Y
2012-07-25,Note,5-Year,5Y
2012-08-08,Note,10-Year,10Y
2012-08-09,Bond,30-Year,30Y
2012-08-29,Note,5-Year,5Y
2012-09-12,Note,9-Year 11-Month,10Y
2012-09-13,Bond,29-Year 11-Month,30Y
2012-09-26,Note,5-Year,5Y
2012-10-10,Note,9-Year 10-Month,10Y
2012-10-11,Bond,29-Year 10-Month,30Y
2012-10-24,Note,5-Year,5Y
2012-11-07,Note,10-Year,10Y
2012-11-08,Bond,30-Year,30Y
2012-11-28,Note,5-Year,5Y
2012-12-12,Note,9-Year 11-Month,10Y
2012-12-13,Bond,29-Year 11-Month,30Y
2012-12-18,Note,5-Year,5Y
2013-01-09,Note,9-Year 10-Month,10Y
2013-01-10,Bond,29-Year 10-Month,30Y
2013-01-29,Note,5-Year,5Y
2013-02-13,Note,10-Year,10Y
2013-02-14,Bond,30-Year,30Y
2013-02-26,Note,5-Year,5Y
2013-03-13,Note,9-Year 11-Month,10Y
2013-03-14,Bond,29-Year 11-Month,30Y
2013-03-27,Note,5-Year,5Y
2013-04-10,Note,9-Year 10-Month,10Y
2013-04-11,Bond,29-Year 10-Month,30Y
2013-04-24,Note,5-Year,5Y
2013-05-08,Note,10-Year,10Y
2013-05-09,Bond,30-Year,30Y
2013-05-29,Note,5-Year,5Y
2013-06-12,Note,9-Year 11-Month,10Y
2013-06-13,Bond,29-Year 11-Month,30Y
2013-06-26,Note,5-Year,5Y
2013-07-10,Note,9-Year 10-Month,10Y
2013-07-11,Bond,29-Year 10-Month,30Y
2013-07-24,Note,5-Year,5Y
2013-08-07,Note,10-Year,10Y
2013-08-08,Bond,30-Year,30Y
2013-08-28,Note,5-Year,5Y
2013-09-11,Note,9-Year 11-Month,10Y
2013-09-12,Bond,29-Year 11-Month,30Y
2013-09-25,Note,5-Year,5Y
2013-10-09,Note,9-Year 10-Month,10Y
2013-10-10,Bond,29-Year 10-Month,30Y
2013-10-29,Note,5-Year,5Y
2013-11-13,Note,10-Year,10Y
2013-11-14,Bond,30-Year,30Y
2013-11-26,Note,5-Year,5Y
2013-12-11,Note,9-Year 11-Month,10Y
2013-12-12,Bond,29-Year 11-Month,30Y
2013-12-18,Note,5-Year,5Y
2014-01-08,Note,9-Year 10-Month,10Y
2014-01-09,Bond,29-Year 10-Month,30Y
2014-01-30,Note,5-Year,5Y
2014-02-12,Note,10-Year,10Y
2014-02-13,Bond,30-Year,30Y
2014-02-26,Note,5-Year,5Y
2014-03-12,Note,9-Year 11-Month,10Y
2014-03-13,Bond,29-Year 11-Month,30Y
2014-03-26,Note,5-Year,5Y
2014-04-09,Note,9-Year 10-Month,10Y
2014-04-10,Bond,29-Year 10-Month,30Y
2014-04-23,Note,5-Year,5Y
2014-05-07,Note,10-Year,10Y
2014-05-08,Bond,30-Year,30Y
2014-05-28,Note,5-Year,5Y
2014-06-11,Note,9-Year 11-Month,10Y
2014-06-12,Bond,29-Year 11-Month,30Y
2014-06-25,Note,5-Year,5Y
2014-07-09,Note,9-Year 10-Month,10Y
2014-07-10,Bond,29-Year 10-Month,30Y
2014-07-29,Note,5-Year,5Y
2014-08-13,Note,10-Year,10Y
2014-08-14,Bond,30-Year,30Y
2014-08-27,Note,5-Year,5Y
2014-09-10,Note,9-Year 11-Month,10Y
2014-09-11,Bond,29-Year 11-Month,30Y
2014-09-24,Note,5-Year,5Y
2014-10-08,Note,9-Year 10-Month,10Y
2014-10-09,Bond,29-Year 10-Month,30Y
2014-10-29,Note,5-Year,5Y
2014-11-12,Note,10-Year,10Y
2014-11-13,Bond,30-Year,30Y
2014-11-25,Note,5-Year,5Y
2014-12-10,Note,9-Year 11-Month,10Y
2014-12-11,Bond,29-Year 11-Month,30Y
2014-12-23,Note,5-Year,5Y
2015-01-13,Note,9-Year 10-Month,10Y
2015-01-14,Bond,29-Year 10-Month,30Y
2015-01-29,Note,5-Year,5Y
2015-02-11,Note,10-Year,10Y
2015-02-12,Bond,30-Year,30Y
2015-02-25,Note,5-Year,5Y
2015-03-11,Note,9-Year 11-Month,10Y
2015-03-12,Bond,29-Year 11-Month,30Y
2015-03-25,Note,5-Year,5Y
2015-04-08,Note,9-Year 10-Month,10Y
2015-04-09,Bond,29-Year 10-Month,30Y
2015-04-28,Note,5-Year,5Y
2015-05-13,Note,10-Year,10Y
2015-05-14,Bond,30-Year,30Y
2015-05-27,Note,5-Year,5Y
2015-06-10,Note,9-Year 11-Month,10Y
2015-06-11,Bond,29-Year 11-Month,30Y
2015-06-24,Note,5-Year,5Y
2015-07-08,Note,9-Year 10-Month,10Y
2015-07-09,Bond,29-Year 10-Month,30Y
2015-07-29,Note,5-Year,5Y
2015-08-12,Note,10-Year,10Y
2015-08-13,Bond,30-Year,30Y
2015-08-26,Note,5-Year,5Y
2015-09-09,Note,9-Year 11-Month,10Y
2015-09-10,Bond,29-Year 11-Month,30Y
2015-09-23,Note,5-Year,5Y
2015-10-07,Note,9-Year 10-Month,10Y
2015-10-08,Bond,29-Year 10-Month,30Y
2015-10-28,Note,5-Year,5Y
2015-11-10,Note,10-Year,10Y
2015-11-12,Bond,30-Year,30Y
2015-11-24,Note,5-Year,5Y
2015-12-09,Note,9-Year 11-Month,10Y
2015-12-10,Bond,29-Year 11-Month,30Y
2015-12-29,Note,5-Year,5Y
2016-01-13,Note,9-Year 10-Month,10Y
2016-01-14,Bond,29-Year 10-Month,30Y
2016-01-27,Note,5-Year,5Y
2016-02-10,Note,10-Year,10Y
2016-02-11,Bond,30-Year,30Y
2016-02-24,Note,5-Year,5Y
2016-03-09,Note,9-Year 11-Month,10Y
2016-03-10,Bond,29-Year 11-Month,30Y
2016-03-29,Note,5-Year,5Y
2016-04-13,Note,9-Year 10-Month,10Y
2016-04-14,Bond,29-Year 10-Month,30Y
2016-04-26,Note,5-Year,5Y
2016-05-11,Note,10-Year,10Y
2016-05-12,Bond,30-Year,30Y
2016-05-25,Note,5-Year,5Y
2016-06-08,Note,9-Year 11-Month,10Y
2016-06-09,Bond,29-Year 11-Month,30Y
2016-06-21,Note,5-Year,5Y
2016-07-12,Note,9-Year 10-Month,10Y
2016-07-13,Bond,29-Year 10-Month,30Y
2016-07-26,Note,5-Year,5Y
2016-08-10,Note,10-Year,10Y
2016-08-11,Bond,30-Year,30Y
2016-08-24,Note,5-Year,5Y
2016-09-12,Note,9-Year 11-Month,10Y
2016-09-13,Bond,29-Year 11-Month,30Y
2016-09-27,Note,5-Year,5Y
2016-10-12,Note,9-Year 10-Month,10Y
2016-10-13,Bond,29-Year 10-Month,30Y
2016-10-26,Note,5-Year,5Y
2016-11-09,Note,10-Year,10Y
2016-11-10,Bond,30-Year,30Y
2016-11-22,Note,5-Year,5Y
2016-12-12,Note,9-Year 11-Month,10Y
2016-12-13,Bond,29-Year 11-Month,30Y
2016-12-28,Note,5-Year,5Y
2017-01-11,Note,9-Year 10-Month,10Y
2017-01-12,Bond,29-Year 10-Month,30Y
2017-01-25,Note,5-Year,5Y
2017-02-08,Note,10-Year,10Y
2017-02-09,Bond,30-Year,30Y
2017-02-22,Note,5-Year,5Y
2017-03-08,Note,9-Year 11-Month,10Y
2017-03-09,Bond,29-Year 11-Month,30Y
2017-03-28,Note,5-Year,5Y
2017-04-11,Note,9-Year 10-Month,10Y
2017-04-12,Bond,29-Year 10-Month,30Y
2017-04-26,Note,5-Year,5Y
2017-05-10,Note,10-Year,10Y
2017-05-11,Bond,30-Year,30Y
2017-05-24,Note,5-Year,5Y
2017-06-12,Note,9-Year 11-Month,10Y
2017-06-13,Bond,29-Year 11-Month,30Y
2017-06-27,Note,5-Year,5Y
2017-07-12,Note,9-Year 10-Month,10Y
2017-07-13,Bond,29-Year 10-Month,30Y
2017-07-26,Note,5-Year,5Y
2017-08-09,Note,10-Year,10Y
2017-08-10,Bond,30-Year,30Y
2017-08-28,Note,5-Year,5Y
2017-09-12,Note,9-Year 11-Month,10Y
2017-09-13,Bond,29-Year 11-Month,30Y
2017-09-27,Note,5-Year,5Y
2017-10-11,Note,9-Year 10-Month,10Y
2017-10-12,Bond,29-Year 10-Month,30Y
2017-10-25,Note,5-Year,5Y
2017-11-08,Note,10-Year,10Y
2017-11-09,Bond,30-Year,30Y
2017-11-27,Note,5-Year,5Y
2017-12-11,Note,9-Year 11-Month,10Y
2017-12-12,Bond,29-Year 11-Month,30Y
2017-12-27,Note,5-Year,5Y
2018-01-10,Note,9-Year 10-Month,10Y
2018-01-11,Bond,29-Year 10-Month,30Y
2018-01-24,Note,5-Year,5Y
2018-02-07,Note,10-Year,10Y
2018-02-08,Bond,30-Year,30Y
2018-02-21,Note,5-Year,5Y
2018-03-12,Note,9-Year 11-Month,10Y
2018-03-13,Bond,29-Year 11-Month,30Y
2018-03-27,Note,5-Year,5Y
2018-04-11,Note,9-Year 10-Month,10Y
2018-04-12,Bond,29-Year 10-Month,30Y
2018-04-25,Note,5-Year,5Y
2018-05-09,Note,10-Year,10Y
2018-05-10,Bond,30-Year,30Y
2018-05-23,Note,5-Year,5Y
2018-06-11,Note,9-Year 11-Month,10Y
2018-06-12,Bond,29-Year 11-Month,30Y
2018-06-27,Note,5-Year,5Y
2018-07-11,Note,9-Year 10-Month,10Y
2018-07-12,Bond,29-Year 10-Month,30Y
2018-07-25,Note,5-Year,5Y
2018-08-08,Note,10-Year,10Y
2018-08-09,Bond,30-Year,30Y
2018-08-28,Note,5-Year,5Y
2018-09-12,Note,9-Year 11-Month,10Y
2018-09-13,Bond,29-Year 11-Month,30Y
2018-09-25,Note,5-Year,5Y
2018-10-10,Note,9-Year 10-Month,10Y
2018-10-11,Bond,29-Year 10-Month,30Y
2018-10-24,Note,5-Year,5Y
2018-11-06,Note,10-Year,10Y
2018-11-07,Bond,30-Year,30Y
2018-11-27,Note,5-Year,5Y
2018-12-12,Note,9-Year 11-Month,10Y
2018-12-13,Bond,29-Year 11-Month,30Y
2018-12-26,Note,5-Year,5Y
2019-01-09,Note,9-Year 10-Month,10Y
2019-01-10,Bond,29-Year 10-Month,30Y
2019-01-28,Note,5-Year,5Y
2019-02-06,Note,10-Year,10Y
2019-02-07,Bond,30-Year,30Y
2019-02-25,Note,5-Year,5Y
2019-03-12,Note,9-Year 11-Month,10Y
2019-03-13,Bond,29-Year 11-Month,30Y
2019-03-27,Note,5-Year,5Y
2019-04-10,Note,9-Year 10-Month,10Y
2019-04-11,Bond,29-Year 10-Month,30Y
2019-04-24,Note,5-Year,5Y
2019-05-08,Note,10-Year,10Y
2019-05-09,Bond,30-Year,30Y
2019-05-28,Note,5-Year,5Y
2019-06-12,Note,9-Year 11-Month,10Y
2019-06-13,Bond,29-Year 11-Month,30Y
2019-06-21,Note,9-Year 11-Month,10Y
2019-06-26,Note,5-Year,5Y
2019-07-10,Note,9-Year 10-Month,10Y
2019-07-11,Bond,29-Year 10-Month,30Y
2019-07-24,Note,5-Year,5Y
2019-08-07,Note,10-Year,10Y
2019-08-08,Bond,30-Year,30Y
2019-08-28,Note,5-Year,5Y
2019-09-11,Note,9-Year 11-Month,10Y
2019-09-12,Bond,29-Year 11-Month,30Y
2019-09-25,Note,5-Year,5Y
2019-10-09,Note,9-Year 10-Month,10Y
2019-10-10,Bond,29-Year 10-Month,30Y
2019-10-23,Note,5-Year,5Y
2019-11-06,Note,10-Year,10Y
2019-11-07,Bond,30-Year,30Y
2019-11-26,Note,5-Year,5Y
2019-12-10,Note,9-Year 11-Month,10Y
2019-12-12,Bond,29-Year 11-Month,30Y
2019-12-24,Note,5-Year,5Y
2020-01-08,Note,9-Year 10-Month,10Y
2020-01-09,Bond,29-Year 10-Month,30Y
2020-01-27,Note,5-Year,5Y
2020-02-12,Note,10-Year,10Y
2020-02-13,Bond,30-Year,30Y
2020-02-26,Note,5-Year,5Y
2020-03-11,Note,9-Year 11-Month,10Y
2020-03-12,Bond,29-Year 11-Month,30Y
2020-03-25,Note,5-Year,5Y
2020-04-07,Note,9-Year 10-Month,10Y
2020-04-08,Bond,29-Year 10-Month,30Y
2020-04-27,Note,5-Year,5Y
2020-05-12,Note,10-Year,10Y
2020-05-13,Bond,30-Year,30Y
2020-05-20,Bond,20-Year,30Y
2020-05-27,Note,5-Year,5Y
2020-06-09,Note,9-Year 11-Month,10Y
2020-06-11,Bond,29-Year 11-Month,30Y
2020-06-17,Bond,19-Year 11-Month,30Y
2020-06-24,Note,5-Year,5Y
2020-07-08,Note,9-Year 10-Month,10Y
2020-07-09,Bond,29-Year 10-Month,30Y
2020-07-22,Bond,19-Year 10-Month,30Y
2020-07-27,Note,5-Year,5Y
2020-08-12,Note,10-Year,10Y
2020-08-13,Bond,30-Year,30Y
2020-08-19,Bond,20-Year,30Y
2020-08-26,Note,5-Year,5Y
2020-09-09,Note,9-Year 11-Month,10Y
2020-09-10,Bond,29-Year 11-Month,30Y
2020-09-15,Bond,19-Year 11-Month,30Y
2020-09-23,Note,5-Year,5Y
2020-10-07,Note,9-Year 10-Month,10Y
2020-10-08,Bond,29-Year 10-Month,30Y
2020-10-21,Bond,19-Year 10-Month,30Y
2020-10-28,Note,5-Year,5Y
2020-11-10,Note,10-Year,10Y
2020-11-12,Bond,30-Year,30Y
2020-11-18,Bond,20-Year,30Y
2020-11-23,Note,5-Year,5Y
2020-12-09,Note,9-Year 11-Month,10Y
2020-12-10,Bond,29-Year 11-Month,30Y
2020-12-21,Bond,19-Year 11-Month,30Y
2020-12-28,Note,5-Year,5Y
2021-01-12,Note,9-Year 10-Month,10Y
2021-01-13,Bond,29-Year 10-Month,30Y
2021-01-20,Bond,19-Year 10-Month,30Y
2021-01-26,Note,5-Year,5Y
2021-02-10,Note,10-Year,10Y
2021-02-11,Bond,30-Year,30Y
2021-02-17,Bond,20-Year,30Y
2021-02-24,Note,5-Year,5Y
2021-03-10,Note,9-Year 11-Month,10Y
2021-03-11,Bond,29-Year 11-Month,30Y
2021-03-16,Bond,19-Year 11-Month,30Y
2021-03-24,Note,5-Year,5Y
2021-04-12,Note,9-Year 10-Month,10Y
2021-04-13,Bond,29-Year 10-Month,30Y
2021-04-21,Bond,19-Year 10-Month,30Y
2021-04-26,Note,5-Year,5Y
2021-05-12,Note,10-Year,10Y
2021-05-13,Bond,30-Year,30Y
2021-05-19,Bond,20-Year,30Y
2021-05-26,Note,5-Year,5Y
2021-06-09,Note,9-Year 11-Month,10Y
2021-06-10,Bond,29-Year 11-Month,30Y
2021-06-15,Bond,19-Year 11-Month,30Y
2021-06-23,Note,5-Year,5Y
2021-07-12,Note,9-Year 10-Month,10Y
2021-07-13,Bond,29-Year 10-Month,30Y
2021-07-21,Bond,19-Year 10-Month,30Y
2021-07-27,Note,5-Year,5Y
2021-08-11,Note,10-Year,10Y
2021-08-12,Bond,30-Year,30Y
2021-08-18,Bond,20-Year,30Y
2021-08-25,Note,5-Year,5Y
2021-09-08,Note,9-Year 11-Month,10Y
2021-09-09,Bond,29-Year 11-Month,30Y
2021-09-21,Bond,19-Year 11-Month,30Y
2021-09-27,Note,5-Year,5Y
2021-10-12,Note,9-Year 10-Month,10Y
2021-10-13,Bond,29-Year 10-Month,30Y
2021-10-20,Bond,19-Year 10-Month,30Y
2021-10-27,Note,5-Year,5Y
2021-11-09,Note,10-Year,10Y
2021-11-10,Bond,30-Year,30Y
2021-11-17,Bond,20-Year,30Y
2021-11-22,Note,5-Year,5Y
2021-12-02,Bond,19-Year 11-Month,30Y
2021-12-08,Note,9-Year 11-Month,10Y
2021-12-09,Bond,29-Year 11-Month,30Y
2021-12-21,Bond,19-Year 11-Month,30Y
2021-12-28,Note,5-Year,5Y
2022-01-12,Note,9-Year 10-Month,10Y
2022-01-13,Bond,29-Year 10-Month,30Y
2022-01-19,Bond,19-Year 10-Month,30Y
2022-01-25,Note,5-Year,5Y
2022-02-09,Note,10-Year,10Y
2022-02-10,Bond,30-Year,30Y
2022-02-16,Bond,20-Year,30Y
2022-02-23,Note,5-Year,5Y
2022-03-09,Note,9-Year 11-Month,10Y
2022-03-10,Bond,29-Year 11-Month,30Y
2022-03-23,Bond,19-Year 11-Month,30Y
2022-03-28,Note,5-Year,5Y
2022-04-12,Note,9-Year 10-Month,10Y
2022-04-13,Bond,29-Year 10-Month,30Y
2022-04-20,Bond,19-Year 10-Month,30Y
2022-04-27,Note,5-Year,5Y
2022-05-11,Note,10-Year,10Y
2022-05-12,Bond,30-Year,30Y
2022-05-18,Bond,20-Year,30Y
2022-05-25,Note,5-Year,5Y
2022-06-08,Note,9-Year 11-Month,10Y
2022-06-09,Bond,29-Year 11-Month,30Y
2022-06-22,Bond,19-Year 11-Month,30Y
2022-06-27,Note,5-Year,5Y
2022-07-12,Note,9-Year 10-Month,10Y
2022-07-13,Bond,29-Year 10-Month,30Y
2022-07-20,Bond,19-Year 10-Month,30Y
2022-07-26,Note,5-Year,5Y
2022-08-10,Note,10-Year,10Y
2022-08-11,Bond,30-Year,30Y
2022-08-17,Bond,20-Year,30Y
2022-08-24,Note,5-Year,5Y
2022-09-12,Note,9-Year 11-Month,10Y
2022-09-13,Bond,29-Year 11-Month,30Y
2022-09-20,Bond,19-Year 11-Month,30Y
2022-09-27,Note,5-Year,5Y
2022-10-12,Note,9-Year 10-Month,10Y
2022-10-13,Bond,29-Year 10-Month,30Y
2022-10-19,Bond,19-Year 10-Month,30Y
2022-10-26,Note,5-Year,5Y
2022-11-09,Note,10-Year,10Y
2022-11-10,Bond,30-Year,30Y
2022-11-16,Bond,20-Year,30Y
2022-11-21,Note,5-Year,5Y
2022-12-12,Note,9-Year 11-Month,10Y
2022-12-13,Bond,29-Year 11-Month,30Y
2022-12-21,Bond,19-Year 11-Month,30Y
2022-12-28,Note,5-Year,5Y
2023-01-11,Note,9-Year 10-Month,10Y
2023-01-12,Bond,29-Year 10-Month,30Y
2023-01-18,Bond,19-Year 10-Month,30Y
2023-01-25,Note,5-Year,5Y
2023-02-08,Note,10-Year,10Y
2023-02-09,Bond,30-Year,30Y
2023-02-15,Bond,20-Year,30Y
2023-02-22,Note,5-Year,5Y
2023-03-08,Note,9-Year 11-Month,10Y
2023-03-09,Bond,29-Year 11-Month,30Y
2023-03-21,Bond,19-Year 11-Month,30Y
2023-03-28,Note,5-Year,5Y
2023-04-12,Note,9-Year 10-Month,10Y
2023-04-13,Bond,29-Year 10-Month,30Y
2023-04-19,Bond,19-Year 10-Month,30Y
2023-04-26,Note,5-Year,5Y
2023-05-10,Note,10-Year,10Y
2023-05-11,Bond,30-Year,30Y
2023-05-17,Bond,20-Year,30Y
2023-05-24,Note,5-Year,5Y
2023-06-12,Note,9-Year 11-Month,10Y
2023-06-13,Bond,29-Year 11-Month,30Y
2023-06-21,Bond,19-Year 11-Month,30Y
2023-06-27,Note,5-Year,5Y
2023-07-12,Note,9-Year 10-Month,10Y
2023-07-13,Bond,29-Year 10-Month,30Y
2023-07-19,Bond,19-Year 10-Month,30Y
2023-07-25,Note,5-Year,5Y
2023-08-09,Note,10-Year,10Y
2023-08-10,Bond,30-Year,30Y
2023-08-23,Bond,20-Year,30Y
2023-08-28,Note,5-Year,5Y
2023-09-12,Note,9-Year 11-Month,10Y
2023-09-13,Bond,29-Year 11-Month,30Y
2023-09-19,Bond,19-Year 11-Month,30Y
2023-09-27,Note,5-Year,5Y
2023-10-11,Note,9-Year 10-Month,10Y
2023-10-12,Bond,29-Year 10-Month,30Y
2023-10-18,Bond,19-Year 10-Month,30Y
2023-10-25,Note,5-Year,5Y
2023-11-08,Note,10-Year,10Y
2023-11-09,Bond,30-Year,30Y
2023-11-20,Bond,20-Year,30Y
2023-11-27,Note,5-Year,5Y
2023-12-11,Note,9-Year 11-Month,10Y
2023-12-12,Bond,29-Year 11-Month,30Y
2023-12-20,Bond,19-Year 11-Month,30Y
2023-12-27,Note,5-Year,5Y
2024-01-10,Note,9-Year 10-Month,10Y
2024-01-11,Bond,29-Year 10-Month,30Y
2024-01-17,Bond,19-Year 10-Month,30Y
2024-01-24,Note,5-Year,5Y
2024-02-07,Note,10-Year,10Y
2024-02-08,Bond,30-Year,30Y
2024-02-21,Bond,20-Year,30Y
2024-02-26,Note,5-Year,5Y
2024-03-12,Note,9-Year 11-Month,10Y
2024-03-13,Bond,29-Year 11-Month,30Y
2024-03-19,Bond,19-Year 11-Month,30Y
2024-03-26,Note,5-Year,5Y
2024-04-10,Note,9-Year 10-Month,10Y
2024-04-11,Bond,29-Year 10-Month,30Y
2024-04-17,Bond,19-Year 10-Month,30Y
2024-04-24,Note,5-Year,5Y
2024-05-08,Note,10-Year,10Y
2024-05-09,Bond,30-Year,30Y
2024-05-22,Bond,20-Year,30Y
2024-05-28,Note,5-Year,5Y
2024-06-11,Note,9-Year 11-Month,10Y
2024-06-13,Bond,29-Year 11-Month,30Y
2024-06-18,Bond,19-Year 11-Month,30Y
2024-06-26,Note,5-Year,5Y
2024-07-10,Note,9-Year 10-Month,10Y
2024-07-11,Bond,29-Year 10-Month,30Y
2024-07-17,Bond,19-Year 10-Month,30Y
2024-07-24,Note,5-Year,5Y
2024-08-07,Note,10-Year,10Y
2024-08-08,Bond,30-Year,30Y
2024-08-21,Bond,20-Year,30Y
2024-08-28,Note,5-Year,5Y
2024-09-11,Note,9-Year 11-Month,10Y
2024-09-12,Bond,29-Year 11-Month,30Y
2024-09-17,Bond,19-Year 11-Month,30Y
2024-09-25,Note,5-Year,5Y
2024-10-09,Note,9-Year 10-Month,10Y
2024-10-10,Bond,29-Year 10-Month,30Y
2024-10-23,Bond,19-Year 10-Month,30Y
2024-10-28,Note,5-Year,5Y
2024-11-05,Note,10-Year,10Y
2024-11-06,Bond,30-Year,30Y
2024-11-20,Bond,20-Year,30Y
2024-11-26,Note,5-Year,5Y
2024-12-11,Note,9-Year 11-Month,10Y
2024-12-12,Bond,29-Year 11-Month,30Y
2024-12-17,Bond,19-Year 11-Month,30Y
2024-12-24,Note,5-Year,5Y
2025-01-07,Note,9-Year 10-Month,10Y
2025-01-08,Bond,29-Year 10-Month,30Y
2025-01-22,Bond,19-Year 10-Month,30Y
2025-01-27,Note,5-Year,5Y
2025-02-12,Note,10-Year,10Y
2025-02-13,Bond,30-Year,30Y
2025-02-19,Bond,20-Year,30Y
2025-02-25,Note,5-Year,5Y
2025-03-12,Note,9-Year 11-Month,10Y
2025-03-13,Bond,29-Year 11-Month,30Y
2025-03-18,Bond,19-Year 11-Month,30Y
2025-03-26,Note,5-Year,5Y
2025-04-09,Note,9-Year 10-Month,10Y
2025-04-10,Bond,29-Year 10-Month,30Y
2025-04-16,Bond,19-Year 10-Month,30Y
2025-04-23,Note,5-Year,5Y
2025-05-06,Note,10-Year,10Y
2025-05-08,Bond,30-Year,30Y
2025-05-21,Bond,20-Year,30Y
2025-05-28,Note,5-Year,5Y
2025-06-11,Note,9-Year 11-Month,10Y
2025-06-12,Bond,29-Year 11-Month,30Y
2025-06-16,Bond,19-Year 11-Month,30Y
2025-06-25,Note,5-Year,5Y
2025-07-09,Note,9-Year 10-Month,10Y
2025-07-10,Bond,29-Year 10-Month,30Y
2025-07-23,Bond,19-Year 10-Month,30Y
2025-07-28,Note,5-Year,5Y
2025-08-06,Note,10-Year,10Y
2025-08-07,Bond,30-Year,30Y
2025-08-20,Bond,20-Year,30Y
2025-08-27,Note,5-Year,5Y
2025-09-10,Note,9-Year 11-Month,10Y
2025-09-11,Bond,29-Year 11-Month,30Y
2025-09-16,Bond,19-Year 11-Month,30Y
2025-09-24,Note,5-Year,5Y
2025-10-08,Note,9-Year 10-Month,10Y
2025-10-09,Bond,29-Year 10-Month,30Y
2025-10-22,Bond,19-Year 10-Month,30Y
2025-10-27,Note,5-Year,5Y
2025-11-12,Note,10-Year,10Y
2025-11-13,Bond,30-Year,30Y
2025-11-19,Bond,20-Year,30Y
2025-11-25,Note,5-Year,5Y
2025-12-09,Note,9-Year 11-Month,10Y
2025-12-11,Bond,29-Year 11-Month,30Y
2025-12-17,Bond,19-Year 11-Month,30Y
2025-12-23,Note,5-Year,5Y
2026-01-12,Note,9-Year 10-Month,10Y
2026-01-13,Bond,29-Year 10-Month,30Y
2026-01-21,Bond,19-Year 10-Month,30Y
2026-01-27,Note,5-Year,5Y
2026-02-11,Note,10-Year,10Y
2026-02-12,Bond,30-Year,30Y
2026-02-18,Bond,20-Year,30Y
2026-02-25,Note,5-Year,5Y
2026-03-11,Note,9-Year 11-Month,10Y
2026-03-12,Bond,29-Year 11-Month,30Y
2026-03-17,Bond,19-Year 11-Month,30Y
2026-03-25,Note,5-Year,5Y
2026-04-08,Note,9-Year 10-Month,10Y
2026-04-09,Bond,29-Year 10-Month,30Y
2026-04-22,Bond,19-Year 10-Month,30Y
2026-04-27,Note,5-Year,5Y
2026-05-12,Note,10-Year,10Y
2026-05-13,Bond,30-Year,30Y
2026-05-20,Bond,20-Year,30Y
2026-05-27,Note,5-Year,5Y
2026-06-10,Note,9-Year 11-Month,10Y
2026-06-11,Bond,29-Year 11-Month,30Y
2026-06-16,Bond,19-Year 11-Month,30Y
